category,question_id,question_type,image_id,question,answer,zero_shot,task_seed1,multi_trace,task_seed2
Answer-only SFT fixes zero-shot,area_comparison-0144a7a6cb586a4b72f9,area_comparison,8056,Which covers more area: flooded road or non-flooded road?,equal,road_non_flooded,equal,equal,equal
Answer-only SFT fixes zero-shot,area_comparison-01e0197dc7174ae38f7d,area_comparison,7054,Compare the road classes: which one occupies more pixels?,equal,road_flooded,equal,equal,equal
Answer-only SFT fixes zero-shot,damage_state-02bc6e58238ab8e13549,damage_state,10827,Does the scene contain a flooded building or a flooded road?,no_damage,damage_present,no_damage,no_damage,no_damage
Answer-only SFT fixes zero-shot,dominant_class-009066c08b0606a46d4e,dominant_class,8015,Which semantic class occupies the largest area?,grass,tree,grass,tree,tree
Answer-only SFT fixes zero-shot,dominant_class-018f38481f70b7b09017,dominant_class,7319,Which class has the greatest pixel coverage?,tree,water,tree,water,tree
Answer-only SFT fixes zero-shot,logical_conjunction-001d1e50a1943e4085fe,logical_conjunction,8558,Does the scene contain flooded road with nearby water?,no,yes,no,no,no
Answer-only SFT fixes zero-shot,logical_conjunction-003709cefdc94c6a89e9,logical_conjunction,6363,Are both conditions true: flooded road exists and it neighbors water?,no,yes,no,no,no
Answer-only SFT fixes zero-shot,presence-0091ec003072be51e7ae,presence,7059,Can building_flooded be found anywhere in this image?,no,yes,no,no,no
Answer-only SFT fixes zero-shot,presence-00eae0a2ee2bcd3e26c1,presence,7199,Is pool present in the scene?,no,yes,no,no,no
Answer-only SFT fixes zero-shot,spatial_adjacency-001e8933e7ac085c520e,spatial_adjacency,7413,Are water and flooded road spatially neighboring?,no,yes,no,yes,no
Answer-only SFT fixes zero-shot,spatial_adjacency-0023ac58ce4f7e9d0ee5,spatial_adjacency,6372,Is flooded road adjacent to water?,no,yes,no,no,no
Multi-trace helps task_only,area_comparison-00d85fbdc9d2ef444d27,area_comparison,7913,Is the larger road region flooded road or non-flooded road?,equal,road_non_flooded,road_non_flooded,equal,equal
Multi-trace helps task_only,area_comparison-042ccb0205f87f84db7b,area_comparison,7917,Which covers more area: flooded road or non-flooded road?,road_non_flooded,road_non_flooded,equal,road_non_flooded,road_non_flooded
Multi-trace helps task_only,dominant_class-007047adf38ab7ea0741,dominant_class,9364,Which semantic class occupies the largest area?,water,grass,grass,water,grass
Multi-trace helps task_only,dominant_class-05b3fcb301be546ab3f0,dominant_class,6956,Which class has the greatest pixel coverage?,tree,tree,grass,tree,tree
Multi-trace helps task_only,logical_conjunction-04338b08c2dc0a8c4913,logical_conjunction,7468,Are both conditions true: flooded road exists and it neighbors water?,yes,yes,no,yes,yes
Multi-trace helps task_only,presence-003d753808eb6065e22a,presence,7616,Can building_non_flooded be found anywhere in this image?,yes,yes,no,yes,no
Multi-trace helps task_only,presence-05b36a96a7c7521d46eb,presence,6785,Does the segmentation contain road_non_flooded?,yes,no,no,yes,yes
Multi-trace helps task_only,spatial_adjacency-03804730d1f4d30e2b8d,spatial_adjacency,7251,Do the flooded-road and water regions lie within the adjacency radius?,yes,yes,no,yes,no
Multi-trace hurts task_only,area_comparison-032c7f6f8604117d28fe,area_comparison,7782,Is the larger road region flooded road or non-flooded road?,equal,road_non_flooded,equal,road_non_flooded,equal
Multi-trace hurts task_only,area_comparison-0344e11c94caa9507c21,area_comparison,7707,Which covers more area: flooded road or non-flooded road?,equal,road_flooded,equal,road_non_flooded,equal
Multi-trace hurts task_only,dominant_class-009066c08b0606a46d4e,dominant_class,8015,Which semantic class occupies the largest area?,grass,tree,grass,tree,tree
Multi-trace hurts task_only,dominant_class-00d8c61f06a4b307c652,dominant_class,6743,Which semantic class occupies the largest area?,grass,grass,grass,water,water
Multi-trace hurts task_only,presence-013d92aed23143bda1a3,presence,7310,Can road_non_flooded be found anywhere in this image?,no,yes,no,yes,yes
Multi-trace hurts task_only,spatial_adjacency-001e8933e7ac085c520e,spatial_adjacency,7413,Are water and flooded road spatially neighboring?,no,yes,no,yes,no
Multi-trace hurts task_only,spatial_adjacency-004b47c36cf0601ee5e9,spatial_adjacency,7487,Are water and flooded road spatially neighboring?,no,yes,no,yes,no
Remaining hard case,area_comparison-00d85fbdc9d2ef444d27,area_comparison,7913,Is the larger road region flooded road or non-flooded road?,equal,road_non_flooded,road_non_flooded,equal,equal
Remaining hard case,area_comparison-011c89c5f9e1ea684253,area_comparison,7716,Is the larger road region flooded road or non-flooded road?,equal,road_non_flooded,road_non_flooded,road_non_flooded,road_non_flooded
Remaining hard case,damage_state-007930673e96bfd78ab2,damage_state,6610,Is flood damage visible on a building or road?,damage_present,no_damage,no_damage,no_damage,no_damage
Remaining hard case,dominant_class-007047adf38ab7ea0741,dominant_class,9364,Which semantic class occupies the largest area?,water,grass,grass,water,grass
Remaining hard case,dominant_class-00f7fe5ce604b25f9d3e,dominant_class,7252,Which semantic class occupies the largest area?,road_flooded,water,water,water,water
Remaining hard case,logical_conjunction-003a8be0cbeb6651fc0d,logical_conjunction,7457,Does the scene contain flooded road with nearby water?,no,yes,yes,yes,no
Remaining hard case,presence-0228f1d7f531909d27da,presence,9031,Does the segmentation contain grass?,no,yes,yes,yes,yes
Remaining hard case,presence-05b36a96a7c7521d46eb,presence,6785,Does the segmentation contain road_non_flooded?,yes,no,no,yes,yes
Seed-sensitive task_only case,area_comparison-00d85fbdc9d2ef444d27,area_comparison,7913,Is the larger road region flooded road or non-flooded road?,equal,road_non_flooded,road_non_flooded,equal,equal
Seed-sensitive task_only case,area_comparison-042ccb0205f87f84db7b,area_comparison,7917,Which covers more area: flooded road or non-flooded road?,road_non_flooded,road_non_flooded,equal,road_non_flooded,road_non_flooded
Seed-sensitive task_only case,dominant_class-009066c08b0606a46d4e,dominant_class,8015,Which semantic class occupies the largest area?,grass,tree,grass,tree,tree
Seed-sensitive task_only case,dominant_class-00d8c61f06a4b307c652,dominant_class,6743,Which semantic class occupies the largest area?,grass,grass,grass,water,water
Seed-sensitive task_only case,logical_conjunction-003a8be0cbeb6651fc0d,logical_conjunction,7457,Does the scene contain flooded road with nearby water?,no,yes,yes,yes,no
Seed-sensitive task_only case,logical_conjunction-04338b08c2dc0a8c4913,logical_conjunction,7468,Are both conditions true: flooded road exists and it neighbors water?,yes,yes,no,yes,yes
Seed-sensitive task_only case,presence-013d92aed23143bda1a3,presence,7310,Can road_non_flooded be found anywhere in this image?,no,yes,no,yes,yes
Seed-sensitive task_only case,presence-05b36a96a7c7521d46eb,presence,6785,Does the segmentation contain road_non_flooded?,yes,no,no,yes,yes
Seed-sensitive task_only case,spatial_adjacency-03c0d017f86eb6af3749,spatial_adjacency,6715,Do the flooded-road and water regions lie within the adjacency radius?,no,yes,no,yes,yes
