method,mode,question_family,evaluation_count,accuracy_pct
Zero-shot,generation,area_comparison,80,67.5
Zero-shot,generation,damage_state,80,97.5
Zero-shot,generation,dominant_class,80,82.5
Zero-shot,generation,logical_conjunction,80,60
Zero-shot,generation,presence,80,83.75
Zero-shot,generation,spatial_adjacency,80,31.25
AA-Ans,generation,area_comparison,80,93.75
AA-Ans,generation,damage_state,80,98.75
AA-Ans,generation,dominant_class,80,86.25
AA-Ans,generation,logical_conjunction,80,96.25
AA-Ans,generation,presence,80,91.25
AA-Ans,generation,spatial_adjacency,80,98.75
AA-Trace,generation,area_comparison,80,88.75
AA-Trace,generation,damage_state,80,98.75
AA-Trace,generation,dominant_class,80,82.5
AA-Trace,generation,logical_conjunction,80,97.5
AA-Trace,generation,presence,80,93.75
AA-Trace,generation,spatial_adjacency,80,95
AA-Ans,candidate,area_comparison,80,86.25
AA-Ans,candidate,damage_state,80,98.75
AA-Ans,candidate,dominant_class,80,86.25
AA-Ans,candidate,logical_conjunction,80,96.25
AA-Ans,candidate,presence,80,91.25
AA-Ans,candidate,spatial_adjacency,80,98.75
AA-Trace,candidate,area_comparison,80,86.25
AA-Trace,candidate,damage_state,80,98.75
AA-Trace,candidate,dominant_class,80,82.5
AA-Trace,candidate,logical_conjunction,80,97.5
AA-Trace,candidate,presence,80,93.75
AA-Trace,candidate,spatial_adjacency,80,95
